Tunnel cluster ID, Priority, Average throughput, Standard deviation
1, 0.9292533681030932, 0.9292533681030932, 0.0, 
2, 0.8754154677770569, 0.8754154677770569, 0.0, 
